{"draw_idx": 100, "draws": null, "_stats": [{"depth": [3, 9, 5, 2, 6, 4, 2, 3, 7, 5, 3, 9, 2, 6, 2, 8, 6, 4, 1, 4, 8, 4, 5, 6, 7, 4, 6, 7, 4, 6, 7, 7, 2, 6, 3, 5, 2, 4, 8, 7, 7, 7, 7, 4, 8, 5, 2, 4, 8, 3, 7, 7, 4, 7, 4, 7, 7, 7, 2, 4, 3, 2, 4, 7, 3, 7, 5, 8, 7, 4, 3, 2, 8, 7, 4, 4, 3, 3, 7, 4, 3, 7, 7, 7, 5, 7, 2, 2, 4, 4, 3, 4, 3, 4, 4, 8, 4, 4, 8, 5], "step_size": [0.021056536561511612, 0.021056536561511612, 0.021056536561511612, 0.021056536561511612, 0.021056536561511612, 0.021056536561511612, 0.021056536561511612, 0.021056536561511612, 0.021056536561511612, 0.021056536561511612, 0.021056536561511612, 0.021056536561511612, 0.021056536561511612, 0.021056536561511612, 0.021056536561511612, 0.021056536561511612, 0.021056536561511612, 0.021056536561511612, 0.021056536561511612, 0.021056536561511612, 0.021056536561511612, 0.021056536561511612, 0.021056536561511612, 0.021056536561511612, 0.021056536561511612, 0.021056536561511612, 0.021056536561511612, 0.021056536561511612, 0.021056536561511612, 0.021056536561511612, 0.021056536561511612, 0.021056536561511612, 0.021056536561511612, 0.021056536561511612, 0.021056536561511612, 0.021056536561511612, 0.021056536561511612, 0.021056536561511612, 0.021056536561511612, 0.021056536561511612, 0.021056536561511612, 0.021056536561511612, 0.021056536561511612, 0.021056536561511612, 0.021056536561511612, 0.021056536561511612, 0.021056536561511612, 0.021056536561511612, 0.021056536561511612, 0.021056536561511612, 0.021056536561511612, 0.021056536561511612, 0.021056536561511612, 0.021056536561511612, 0.021056536561511612, 0.021056536561511612, 0.021056536561511612, 0.021056536561511612, 0.021056536561511612, 0.021056536561511612, 0.021056536561511612, 0.021056536561511612, 0.021056536561511612, 0.021056536561511612, 0.021056536561511612, 0.021056536561511612, 0.021056536561511612, 0.021056536561511612, 0.021056536561511612, 0.021056536561511612, 0.021056536561511612, 0.021056536561511612, 0.021056536561511612, 0.021056536561511612, 0.021056536561511612, 0.021056536561511612, 0.021056536561511612, 0.021056536561511612, 0.021056536561511612, 0.021056536561511612, 0.021056536561511612, 0.021056536561511612, 0.021056536561511612, 0.021056536561511612, 0.021056536561511612, 0.021056536561511612, 0.021056536561511612, 0.021056536561511612, 0.021056536561511612, 0.021056536561511612, 0.021056536561511612, 0.021056536561511612, 0.021056536561511612, 0.021056536561511612, 0.021056536561511612, 0.021056536561511612, 0.021056536561511612, 0.021056536561511612, 0.021056536561511612, 0.021056536561511612], "tune": [true, false, false, false, false, false, false, false, false, false, false, false, false, false, false, false, false, false, false, false, false, false, false, false, false, false, false, false, false, false, false, false, false, false, false, false, false, false, false, false, false, false, false, false, false, false, false, false, false, false, false, false, false, false, false, false, false, false, false, false, false, false, false, false, false, false, false, false, false, false, false, false, false, false, false, false, false, false, false, false, false, false, false, false, false, false, false, false, false, false, false, false, false, false, false, false, false, false, false, false], "mean_tree_accept": [0.5676958008461447, 0.897091528378673, 0.9040558361899936, 1.0, 0.8909693233087119, 0.737667301597711, 1.0, 0.9527239935507251, 0.9307082674316574, 0.997466917937879, 0.9981481138640188, 0.9700076624089314, 0.9812414588713008, 0.9690828146028113, 0.842517092467672, 0.996722317404975, 0.9349330290700364, 0.9623826296014959, 0.9438453671505022, 0.9979845073753401, 0.996006812860316, 0.9188811131866835, 0.9861861965244453, 0.9998766575361988, 0.9083597542360918, 0.9979702825438672, 0.958233661056523, 0.9999782404136613, 0.9872968140281505, 0.9868117428413936, 0.9732102916739207, 0.8889680606024226, 0.9674714544937073, 0.9289720609870289, 0.9808218062451408, 0.9141413173164711, 0.8410742161515247, 0.9913115057720143, 0.962310111131672, 0.9890332304137802, 0.9975863239907874, 0.9990588222327803, 0.9917878981845022, 0.9998397832223537, 0.9878160140509392, 0.8265357138030028, 1.0, 0.9778125949225834, 0.835022473364787, 0.9883532111050882, 0.9894887439107659, 0.9666158197819158, 1.0, 0.9626987168054666, 0.9522233064812617, 0.999952642725281, 0.9047901834407205, 0.6863898339558742, 0.8439682501289409, 0.9445482371890156, 0.9996768039034863, 0.9656870568585312, 0.9684981099582892, 0.9914509825344499, 0.7858467388712614, 0.9999682990449078, 0.9396069170059052, 0.9855217804788454, 0.9995196991740242, 0.9267507200317978, 0.7648631286938332, 0.9664855580908077, 0.9990164542515263, 0.8062078947263814, 0.9930119656323626, 0.993334411428746, 0.9412419778281212, 0.9473455921283923, 1.0, 0.9345566304222989, 0.9728593672868706, 0.9995249339367633, 0.9888355779096122, 0.8722130849326999, 0.7704531070874774, 0.9999304455930484, 0.8819709121195575, 0.9228324333010933, 1.0, 0.9992949715384511, 0.8557163850443407, 0.9992905753955441, 0.9938743496548229, 1.0, 0.9909696668725714, 0.9717651749280474, 0.9982937843701243, 0.9935050767853879, 0.950967121022717, 0.8154024682895679], "step_size_bar": [0.015771881545836884, 0.015771881545836884, 0.015771881545836884, 0.015771881545836884, 0.015771881545836884, 0.015771881545836884, 0.015771881545836884, 0.015771881545836884, 0.015771881545836884, 0.015771881545836884, 0.015771881545836884, 0.015771881545836884, 0.015771881545836884, 0.015771881545836884, 0.015771881545836884, 0.015771881545836884, 0.015771881545836884, 0.015771881545836884, 0.015771881545836884, 0.015771881545836884, 0.015771881545836884, 0.015771881545836884, 0.015771881545836884, 0.015771881545836884, 0.015771881545836884, 0.015771881545836884, 0.015771881545836884, 0.015771881545836884, 0.015771881545836884, 0.015771881545836884, 0.015771881545836884, 0.015771881545836884, 0.015771881545836884, 0.015771881545836884, 0.015771881545836884, 0.015771881545836884, 0.015771881545836884, 0.015771881545836884, 0.015771881545836884, 0.015771881545836884, 0.015771881545836884, 0.015771881545836884, 0.015771881545836884, 0.015771881545836884, 0.015771881545836884, 0.015771881545836884, 0.015771881545836884, 0.015771881545836884, 0.015771881545836884, 0.015771881545836884, 0.015771881545836884, 0.015771881545836884, 0.015771881545836884, 0.015771881545836884, 0.015771881545836884, 0.015771881545836884, 0.015771881545836884, 0.015771881545836884, 0.015771881545836884, 0.015771881545836884, 0.015771881545836884, 0.015771881545836884, 0.015771881545836884, 0.015771881545836884, 0.015771881545836884, 0.015771881545836884, 0.015771881545836884, 0.015771881545836884, 0.015771881545836884, 0.015771881545836884, 0.015771881545836884, 0.015771881545836884, 0.015771881545836884, 0.015771881545836884, 0.015771881545836884, 0.015771881545836884, 0.015771881545836884, 0.015771881545836884, 0.015771881545836884, 0.015771881545836884, 0.015771881545836884, 0.015771881545836884, 0.015771881545836884, 0.015771881545836884, 0.015771881545836884, 0.015771881545836884, 0.015771881545836884, 0.015771881545836884, 0.015771881545836884, 0.015771881545836884, 0.015771881545836884, 0.015771881545836884, 0.015771881545836884, 0.015771881545836884, 0.015771881545836884, 0.015771881545836884, 0.015771881545836884, 0.015771881545836884, 0.015771881545836884, 0.015771881545836884],