{"draw_idx": 100, "draws": null, "_stats": [{"depth": [5, 5, 5, 8, 4, 7, 3, 7, 8, 4, 4, 7, 5, 2, 8, 4, 8, 1, 7, 6, 2, 4, 8, 5, 4, 6, 4, 2, 3, 6, 7, 4, 3, 3, 8, 4, 6, 4, 3, 7, 6, 4, 7, 6, 5, 5, 3, 6, 7, 4, 3, 7, 4, 3, 7, 4, 7, 4, 2, 7, 6, 7, 5, 3, 3, 3, 4, 6, 4, 4, 2, 2, 4, 6, 4, 7, 7, 5, 6, 6, 4, 3, 8, 4, 4, 7, 2, 4, 6, 6, 4, 2, 3, 2, 2, 3, 3, 5, 3, 4], "step_size": [0.021668338501248434, 0.021668338501248434, 0.021668338501248434, 0.021668338501248434, 0.021668338501248434, 0.021668338501248434, 0.021668338501248434, 0.021668338501248434, 0.021668338501248434, 0.021668338501248434, 0.021668338501248434, 0.021668338501248434, 0.021668338501248434, 0.021668338501248434, 0.021668338501248434, 0.021668338501248434, 0.021668338501248434, 0.021668338501248434, 0.021668338501248434, 0.021668338501248434, 0.021668338501248434, 0.021668338501248434, 0.021668338501248434, 0.021668338501248434, 0.021668338501248434, 0.021668338501248434, 0.021668338501248434, 0.021668338501248434, 0.021668338501248434, 0.021668338501248434, 0.021668338501248434, 0.021668338501248434, 0.021668338501248434, 0.021668338501248434, 0.021668338501248434, 0.021668338501248434, 0.021668338501248434, 0.021668338501248434, 0.021668338501248434, 0.021668338501248434, 0.021668338501248434, 0.021668338501248434, 0.021668338501248434, 0.021668338501248434, 0.021668338501248434, 0.021668338501248434, 0.021668338501248434, 0.021668338501248434, 0.021668338501248434, 0.021668338501248434, 0.021668338501248434, 0.021668338501248434, 0.021668338501248434, 0.021668338501248434, 0.021668338501248434, 0.021668338501248434, 0.021668338501248434, 0.021668338501248434, 0.021668338501248434, 0.021668338501248434, 0.021668338501248434, 0.021668338501248434, 0.021668338501248434, 0.021668338501248434, 0.021668338501248434, 0.021668338501248434, 0.021668338501248434, 0.021668338501248434, 0.021668338501248434, 0.021668338501248434, 0.021668338501248434, 0.021668338501248434, 0.021668338501248434, 0.021668338501248434, 0.021668338501248434, 0.021668338501248434, 0.021668338501248434, 0.021668338501248434, 0.021668338501248434, 0.021668338501248434, 0.021668338501248434, 0.021668338501248434, 0.021668338501248434, 0.021668338501248434, 0.021668338501248434, 0.021668338501248434, 0.021668338501248434, 0.021668338501248434, 0.021668338501248434, 0.021668338501248434, 0.021668338501248434, 0.021668338501248434, 0.021668338501248434, 0.021668338501248434, 0.021668338501248434, 0.021668338501248434, 0.021668338501248434, 0.021668338501248434, 0.021668338501248434, 0.021668338501248434], "tune": [true, false, false, false, false, false, false, false, false, false, false, false, false, false, false, false, false, false, false, false, false, false, false, false, false, false, false, false, false, false, false, false, false, false, false, false, false, false, false, false, false, false, false, false, false, false, false, false, false, false, false, false, false, false, false, false, false, false, false, false, false, false, false, false, false, false, false, false, false, false, false, false, false, false, false, false, false, false, false, false, false, false, false, false, false, false, false, false, false, false, false, false, false, false, false, false, false, false, false, false], "mean_tree_accept": [0.9939372193599213, 0.9861541869540098, 0.9953976376835909, 0.944229193240039, 0.9703841519830608, 0.9024650128382015, 0.9884610766028329, 0.9969033373276118, 0.9747562496934615, 0.9705359867489396, 0.9979795670352267, 0.9804032765767164, 0.9998439163666206, 0.8632806392683509, 0.9761566616300346, 0.9891654340557956, 0.9837824562651617, 1.0, 1.0, 0.969559455566171, 0.9259860755980687, 0.9996154093146236, 0.9941545900117261, 0.9935113319150027, 0.9926935532147716, 0.9999104079035875, 0.9807037141695574, 0.9634306704619645, 1.0, 0.9937532136634416, 0.9719016770682711, 0.9961383505760584, 0.9737132489813975, 0.8639491886277307, 0.986395323235854, 0.9971521684861587, 0.9997713134411492, 0.9998674724267952, 0.9978164810626164, 0.9971996771475449, 0.9635603614871123, 0.9975589770752136, 0.9630292637332237, 0.9905490721192453, 0.9496929919031416, 0.9709294227376989, 0.9034282719987843, 0.9990523966230115, 0.9954933163649745, 0.9876444402262241, 0.9960503575927753, 0.9753568426894563, 0.9912832056334487, 0.9430265871963187, 0.9864978358028511, 0.9904399974065368, 0.9769731719688497, 0.9879707704624927, 0.8290075723681367, 0.9985263382197888, 0.9882734695715326, 0.9998474328921719, 0.9999883448020064, 0.8886104104769511, 0.9995381858749685, 1.0, 0.982931485903732, 0.9961942869497165, 0.9985416809057469, 0.9175529566840239, 0.8818767060065249, 0.9661397368193692, 0.984388194396058, 0.9989991043169943, 0.993035702655251, 0.977708694700759, 0.9988239288311923, 0.7476048813478502, 0.9804869663672635, 0.9939304726181908, 0.9660875808566132, 0.9946052305632053, 0.9980395940956183, 0.9930858919279598, 0.9452477331251689, 0.9999609467576447, 0.9576453497532839, 0.9994156237943527, 0.9744025132467921, 0.9999262882850224, 0.9795930661807941, 0.9615492253043517, 1.0, 1.0, 0.7047877706370734, 1.0, 0.9969676744384078, 0.9689274798230395, 0.8894075176260812, 0.9775941620465753], "step_size_bar": [0.015061698379268624, 0.015061698379268624, 0.015061698379268624, 0.015061698379268624, 0.015061698379268624, 0.015061698379268624, 0.015061698379268624, 0.015061698379268624, 0.015061698379268624, 0.015061698379268624, 0.015061698379268624, 0.015061698379268624, 0.015061698379268624, 0.015061698379268624, 0.015061698379268624, 0.015061698379268624, 0.015061698379268624, 0.015061698379268624, 0.015061698379268624, 0.015061698379268624, 0.015061698379268624, 0.015061698379268624, 0.015061698379268624, 0.015061698379268624, 0.015061698379268624, 0.015061698379268624, 0.015061698379268624, 0.015061698379268624, 0.015061698379268624, 0.015061698379268624, 0.015061698379268624, 0.015061698379268624, 0.015061698379268624, 0.015061698379268624, 0.015061698379268624, 0.015061698379268624, 0.015061698379268624, 0.015061698379268624, 0.015061698379268624, 0.015061698379268624, 0.015061698379268624, 0.015061698379268624, 0.015061698379268624, 0.015061698379268624, 0.015061698379268624, 0.015061698379268624, 0.015061698379268624, 0.015061698379268624, 0.015061698379268624, 0.015061698379268624, 0.015061698379268624, 0.015061698379268624, 0.015061698379268624, 0.015061698379268624, 0.015061698379268624, 0.015061698379268624, 0.015061698379268624, 0.015061698379268624, 0.015061698379268624, 0.015061698379268624, 0.015061698379268624, 0.015061698379268624, 0.015061698379268624, 0.015061698379268624, 0.015061698379268624, 0.015061698379268624, 0.015061698379268624, 0.015061698379268624, 0.015061698379268624, 0.015061698379268624, 0.015061698379268624, 0.015061698379268624, 0.015061698379268624, 0.015061698379268624, 0.015061698379268624, 0.015061698379268624, 0.015061698379268624, 0.015061698379268624, 0.015061698379268624, 0.015061698379268624, 0.015061698379268624, 0.015061698379268624, 0.015061698379268624, 0.015061698379268624, 0.015061698379268624, 0.015061698379268624, 0.015061698379268624, 0.015061698379268624, 0.015061698379268624, 0.015061698379268624, 0.015061698379268624, 0.015061698379268624, 0.015061698379268624, 0.015061698379268624, 0.015061698379268624, 0.015061698379268624, 0.015061698379268624, 0.015061698379268624, 0.015061698379268624, 0.015061698379268624],