{"draw_idx": 100, "draws": null, "_stats": [{"depth": [8, 6, 2, 7, 6, 4, 4, 4, 4, 8, 6, 7, 4, 3, 4, 7, 7, 2, 7, 2, 5, 6, 6, 7, 7, 5, 2, 5, 2, 4, 4, 6, 4, 7, 2, 4, 6, 8, 4, 4, 6, 4, 3, 6, 5, 4, 3, 3, 4, 3, 7, 5, 7, 6, 3, 6, 2, 7, 6, 6, 3, 3, 6, 5, 4, 3, 4, 3, 3, 5, 7, 7, 3, 2, 6, 6, 5, 7, 7, 8, 3, 7, 7, 6, 7, 7, 5, 6, 4, 6, 7, 4, 7, 7, 5, 5, 2, 6, 7, 7], "step_size": [0.01083096201863214, 0.01083096201863214, 0.01083096201863214, 0.01083096201863214, 0.01083096201863214, 0.01083096201863214, 0.01083096201863214, 0.01083096201863214, 0.01083096201863214, 0.01083096201863214, 0.01083096201863214, 0.01083096201863214, 0.01083096201863214, 0.01083096201863214, 0.01083096201863214, 0.01083096201863214, 0.01083096201863214, 0.01083096201863214, 0.01083096201863214, 0.01083096201863214, 0.01083096201863214, 0.01083096201863214, 0.01083096201863214, 0.01083096201863214, 0.01083096201863214, 0.01083096201863214, 0.01083096201863214, 0.01083096201863214, 0.01083096201863214, 0.01083096201863214, 0.01083096201863214, 0.01083096201863214, 0.01083096201863214, 0.01083096201863214, 0.01083096201863214, 0.01083096201863214, 0.01083096201863214, 0.01083096201863214, 0.01083096201863214, 0.01083096201863214, 0.01083096201863214, 0.01083096201863214, 0.01083096201863214, 0.01083096201863214, 0.01083096201863214, 0.01083096201863214, 0.01083096201863214, 0.01083096201863214, 0.01083096201863214, 0.01083096201863214, 0.01083096201863214, 0.01083096201863214, 0.01083096201863214, 0.01083096201863214, 0.01083096201863214, 0.01083096201863214, 0.01083096201863214, 0.01083096201863214, 0.01083096201863214, 0.01083096201863214, 0.01083096201863214, 0.01083096201863214, 0.01083096201863214, 0.01083096201863214, 0.01083096201863214, 0.01083096201863214, 0.01083096201863214, 0.01083096201863214, 0.01083096201863214, 0.01083096201863214, 0.01083096201863214, 0.01083096201863214, 0.01083096201863214, 0.01083096201863214, 0.01083096201863214, 0.01083096201863214, 0.01083096201863214, 0.01083096201863214, 0.01083096201863214, 0.01083096201863214, 0.01083096201863214, 0.01083096201863214, 0.01083096201863214, 0.01083096201863214, 0.01083096201863214, 0.01083096201863214, 0.01083096201863214, 0.01083096201863214, 0.01083096201863214, 0.01083096201863214, 0.01083096201863214, 0.01083096201863214, 0.01083096201863214, 0.01083096201863214, 0.01083096201863214, 0.01083096201863214, 0.01083096201863214, 0.01083096201863214, 0.01083096201863214, 0.01083096201863214], "tune": [true, false, false, false, false, false, false, false, false, false, false, false, false, false, false, false, false, false, false, false, false, false, false, false, false, false, false, false, false, false, false, false, false, false, false, false, false, false, false, false, false, false, false, false, false, false, false, false, false, false, false, false, false, false, false, false, false, false, false, false, false, false, false, false, false, false, false, false, false, false, false, false, false, false, false, false, false, false, false, false, false, false, false, false, false, false, false, false, false, false, false, false, false, false, false, false, false, false, false, false], "mean_tree_accept": [0.9999118827991027, 0.9908260709385213, 0.9970196709448742, 0.9502014404770269, 0.994935538766276, 0.9575340445219999, 0.9954468550316734, 0.9986662065826178, 1.0, 0.9860903077395308, 0.9906055389176006, 0.9950447136630775, 0.9775040658866286, 0.9318331449632871, 0.9581992891721763, 0.9992598357205572, 0.9813936032486446, 0.9605116195915385, 0.9989419143472564, 0.8609899320609672, 0.9996020369548908, 0.9899376178753773, 0.9637078505593203, 0.9981412723264034, 0.9980126885093306, 0.9780070797089003, 0.9948136141602143, 0.9998795551383252, 1.0, 0.9032798328307177, 0.9966747822794958, 0.9932549211013185, 0.8188774689765764, 0.9958332806765315, 0.6606899157442329, 0.9961071139450957, 0.9605367892200065, 0.9807753634937674, 0.9889332727570299, 0.9625002800790988, 0.9807938224378706, 0.9471997629816592, 0.9651584959545998, 0.9981210945778527, 1.0, 0.9323187326410758, 1.0, 0.9408845735943123, 0.9330534211308028, 0.8738337046123534, 0.9724318531858704, 0.9873773204854585, 0.989899624722211, 0.9986745282521978, 0.9945643266274224, 0.9447137166519275, 0.930319134530802, 0.9776304686614745, 0.986616034341183, 0.9599534240930188, 0.9814149036686358, 0.9868265951263293, 0.989340412634726, 0.8618546112287834, 0.9966598496983852, 0.9831792763834175, 0.9854934662550711, 0.9995469230717374, 0.967182525109738, 0.9988585747573133, 0.9758936148362337, 0.9602199879956674, 0.9519797381468343, 0.9790346764893046, 0.999551316390145, 0.9925365421317899, 0.8966266431867081, 0.9203564511624536, 0.999504397580503, 0.9896486263648343, 0.9955319210832114, 0.9851801096648699, 0.9937162373739011, 0.9887201048968117, 0.9992912491906935, 0.9897536285208196, 0.9244689081500247, 0.996931726315513, 0.978446050429703, 0.9347556211042484, 0.9785317169007621, 0.9796839073195787, 0.9753664880313272, 0.9999799952708811, 0.9999886465172675, 0.9745405621328466, 0.9325644226384527, 0.9962166982808837, 0.9837917201379974, 0.9996795961884689], "step_size_bar": [0.016596043943519136, 0.016596043943519136, 0.016596043943519136, 0.016596043943519136, 0.016596043943519136, 0.016596043943519136, 0.016596043943519136, 0.016596043943519136, 0.016596043943519136, 0.016596043943519136, 0.016596043943519136, 0.016596043943519136, 0.016596043943519136, 0.016596043943519136, 0.016596043943519136, 0.016596043943519136, 0.016596043943519136, 0.016596043943519136, 0.016596043943519136, 0.016596043943519136, 0.016596043943519136, 0.016596043943519136, 0.016596043943519136, 0.016596043943519136, 0.016596043943519136, 0.016596043943519136, 0.016596043943519136, 0.016596043943519136, 0.016596043943519136, 0.016596043943519136, 0.016596043943519136, 0.016596043943519136, 0.016596043943519136, 0.016596043943519136, 0.016596043943519136, 0.016596043943519136, 0.016596043943519136, 0.016596043943519136, 0.016596043943519136, 0.016596043943519136, 0.016596043943519136, 0.016596043943519136, 0.016596043943519136, 0.016596043943519136, 0.016596043943519136, 0.016596043943519136, 0.016596043943519136, 0.016596043943519136, 0.016596043943519136, 0.016596043943519136, 0.016596043943519136, 0.016596043943519136, 0.016596043943519136, 0.016596043943519136, 0.016596043943519136, 0.016596043943519136, 0.016596043943519136, 0.016596043943519136, 0.016596043943519136, 0.016596043943519136, 0.016596043943519136, 0.016596043943519136, 0.016596043943519136, 0.016596043943519136, 0.016596043943519136, 0.016596043943519136, 0.016596043943519136, 0.016596043943519136, 0.016596043943519136, 0.016596043943519136, 0.016596043943519136, 0.016596043943519136, 0.016596043943519136, 0.016596043943519136, 0.016596043943519136, 0.016596043943519136, 0.016596043943519136, 0.016596043943519136, 0.016596043943519136, 0.016596043943519136, 0.016596043943519136, 0.016596043943519136, 0.016596043943519136, 0.016596043943519136, 0.016596043943519136, 0.016596043943519136, 0.016596043943519136, 0.016596043943519136, 0.016596043943519136, 0.016596043943519136, 0.016596043943519136, 0.016596043943519136, 0.016596043943519136, 0.016596043943519136, 0.016596043943519136, 0.016596043943519136, 0.016596043943519136, 0.016596043943519136, 0.016596043943519136, 0.016596043943519136], "tree_size": [255.0, 47.0, 3.0, 127.0, 39.0, 15.0, 11.0, 11.0, 15.0, 159.0, 43.0, 111.0, 15.0, 7.0, 15.0, 79.0, 79.0, 3.0, 95.0, 3.0, 23.0, 47.0, 59.0, 127.0, 79.0, 31.0, 3.0, 31.0, 3.0, 15.0, 9.0, 63.0, 9.0, 79.0, 3.0, 15.0, 63.0, 143.0, 11.0, 15.0, 63.0, 15.0, 7.0, 63.0, 31.0, 15.0, 7.0, 7.0, 11.0, 7.0, 111.0, 31.0, 127.0, 59.0, 7.0, 39.0, 3.0, 111.0, 47.0, 55.0, 7.0, 7.0, 55.0, 31.0, 11.0, 7.0, 15.0, 7.0, 7.0, 31.0, 127.0, 111.0, 7.0, 3.0, 43.0, 47.0, 31.0, 67.0, 67.0, 143.0, 7.0, 103.0, 79.0, 63.0, 87.0, 67.0, 19.0, 63.0, 15.0, 47.0, 91.0, 15.0, 95.0, 79.0, 31.0, 31.0, 3.0, 59.0, 111.0, 127.0],