{"draw_idx": 100, "draws": null, "_stats": [{"depth": [4, 3, 4, 1, 5, 3, 4, 4, 4, 5, 4, 4, 7, 3, 3, 2, 6, 7, 3, 7, 5, 6, 3, 5, 4, 5, 6, 2, 2, 3, 4, 2, 4, 3, 3, 4, 5, 6, 7, 2, 5, 6, 3, 7, 5, 7, 7, 2, 3, 6, 4, 6, 7, 6, 6, 7, 7, 4, 7, 7, 5, 2, 4, 6, 3, 7, 8, 4, 5, 4, 3, 5, 4, 5, 5, 5, 4, 3, 5, 4, 2, 3, 4, 7, 4, 7, 6, 3, 4, 7, 2, 7, 2, 4, 7, 3, 4, 6, 4, 5], "step_size": [0.030198844789353592, 0.030198844789353592, 0.030198844789353592, 0.030198844789353592, 0.030198844789353592, 0.030198844789353592, 0.030198844789353592, 0.030198844789353592, 0.030198844789353592, 0.030198844789353592, 0.030198844789353592, 0.030198844789353592, 0.030198844789353592, 0.030198844789353592, 0.030198844789353592, 0.030198844789353592, 0.030198844789353592, 0.030198844789353592, 0.030198844789353592, 0.030198844789353592, 0.030198844789353592, 0.030198844789353592, 0.030198844789353592, 0.030198844789353592, 0.030198844789353592, 0.030198844789353592, 0.030198844789353592, 0.030198844789353592, 0.030198844789353592, 0.030198844789353592, 0.030198844789353592, 0.030198844789353592, 0.030198844789353592, 0.030198844789353592, 0.030198844789353592, 0.030198844789353592, 0.030198844789353592, 0.030198844789353592, 0.030198844789353592, 0.030198844789353592, 0.030198844789353592, 0.030198844789353592, 0.030198844789353592, 0.030198844789353592, 0.030198844789353592, 0.030198844789353592, 0.030198844789353592, 0.030198844789353592, 0.030198844789353592, 0.030198844789353592, 0.030198844789353592, 0.030198844789353592, 0.030198844789353592, 0.030198844789353592, 0.030198844789353592, 0.030198844789353592, 0.030198844789353592, 0.030198844789353592, 0.030198844789353592, 0.030198844789353592, 0.030198844789353592, 0.030198844789353592, 0.030198844789353592, 0.030198844789353592, 0.030198844789353592, 0.030198844789353592, 0.030198844789353592, 0.030198844789353592, 0.030198844789353592, 0.030198844789353592, 0.030198844789353592, 0.030198844789353592, 0.030198844789353592, 0.030198844789353592, 0.030198844789353592, 0.030198844789353592, 0.030198844789353592, 0.030198844789353592, 0.030198844789353592, 0.030198844789353592, 0.030198844789353592, 0.030198844789353592, 0.030198844789353592, 0.030198844789353592, 0.030198844789353592, 0.030198844789353592, 0.030198844789353592, 0.030198844789353592, 0.030198844789353592, 0.030198844789353592, 0.030198844789353592, 0.030198844789353592, 0.030198844789353592, 0.030198844789353592, 0.030198844789353592, 0.030198844789353592, 0.030198844789353592, 0.030198844789353592, 0.030198844789353592, 0.030198844789353592], "tune": [true, false, false, false, false, false, false, false, false, false, false, false, false, false, false, false, false, false, false, false, false, false, false, false, false, false, false, false, false, false, false, false, false, false, false, false, false, false, false, false, false, false, false, false, false, false, false, false, false, false, false, false, false, false, false, false, false, false, false, false, false, false, false, false, false, false, false, false, false, false, false, false, false, false, false, false, false, false, false, false, false, false, false, false, false, false, false, false, false, false, false, false, false, false, false, false, false, false, false, false], "mean_tree_accept": [0.8481378867010247, 0.969485970630817, 0.9883233746022206, 0.8953428530085836, 1.0, 0.9154142570115814, 1.0, 0.9877525881401319, 0.9511680154200567, 0.9869181002808332, 0.9814349204688263, 0.9973482874324008, 0.9480047559919035, 0.9599307062089736, 0.9771352878835471, 1.0, 0.9801359296500681, 0.9988177117783896, 0.7413935762035692, 0.9982909116778372, 0.974034825206689, 0.998840771244827, 0.9957584185241904, 0.9982506292978394, 0.9850450189303961, 0.9955970869980099, 0.9936259449612488, 0.5853221112973467, 1.0, 1.0, 0.9939821902336203, 0.9534945971819612, 0.9884610514081109, 0.9999423411490082, 0.9288427558137275, 0.9997911932743636, 0.9127505882798954, 0.978182552013623, 0.9996299158350193, 0.5925135140450005, 0.9781742592707999, 0.9402741378283669, 0.9866734662087195, 0.9736788172087136, 0.9974128256823215, 0.9962012402709959, 0.9406968889277003, 0.988248271348526, 0.9553539947630758, 0.9839118515427152, 1.0, 0.9803665671751198, 0.9272142450294453, 0.8617415323960995, 1.0, 0.9999436528478263, 0.9737578965306066, 0.945762155151948, 0.9999757892171977, 0.9941188164756543, 0.9260615821856512, 1.0, 0.9822338687828361, 0.9845664951015274, 0.7878619614616019, 0.9973441461084361, 0.9886141330591456, 0.9979073322843877, 0.9851877447013762, 0.8502674161370332, 0.9816736910435593, 0.9999317404613852, 0.9527170849940327, 1.0, 0.959593170493196, 0.9878714427020947, 0.733052852749925, 0.966260027867409, 0.9991670346329045, 0.995692706547523, 0.8784595642652651, 0.9903902231016678, 0.9593951447972112, 0.9997717296868717, 0.9843496226637598, 0.9937045134037975, 0.9792224057601012, 0.9763546218121587, 0.9935585371009765, 0.9998585409045521, 0.9893508395627698, 0.9813053811249494, 0.9903533541880519, 0.9949048907014942, 0.9999694854444, 0.9981009295607652, 1.0, 0.9290843188696435, 0.9861625459302839, 0.9965769697387473], "step_size_bar": [0.019890012555482308, 0.019890012555482308, 0.019890012555482308, 0.019890012555482308, 0.019890012555482308, 0.019890012555482308, 0.019890012555482308, 0.019890012555482308, 0.019890012555482308, 0.019890012555482308, 0.019890012555482308, 0.019890012555482308, 0.019890012555482308, 0.019890012555482308, 0.019890012555482308, 0.019890012555482308, 0.019890012555482308, 0.019890012555482308, 0.019890012555482308, 0.019890012555482308, 0.019890012555482308, 0.019890012555482308, 0.019890012555482308, 0.019890012555482308, 0.019890012555482308, 0.019890012555482308, 0.019890012555482308, 0.019890012555482308, 0.019890012555482308, 0.019890012555482308, 0.019890012555482308, 0.019890012555482308, 0.019890012555482308, 0.019890012555482308, 0.019890012555482308, 0.019890012555482308, 0.019890012555482308, 0.019890012555482308, 0.019890012555482308, 0.019890012555482308, 0.019890012555482308, 0.019890012555482308, 0.019890012555482308, 0.019890012555482308, 0.019890012555482308, 0.019890012555482308, 0.019890012555482308, 0.019890012555482308, 0.019890012555482308, 0.019890012555482308, 0.019890012555482308, 0.019890012555482308, 0.019890012555482308, 0.019890012555482308, 0.019890012555482308, 0.019890012555482308, 0.019890012555482308, 0.019890012555482308, 0.019890012555482308, 0.019890012555482308, 0.019890012555482308, 0.019890012555482308, 0.019890012555482308, 0.019890012555482308, 0.019890012555482308, 0.019890012555482308, 0.019890012555482308, 0.019890012555482308, 0.019890012555482308, 0.019890012555482308, 0.019890012555482308, 0.019890012555482308, 0.019890012555482308, 0.019890012555482308, 0.019890012555482308, 0.019890012555482308, 0.019890012555482308, 0.019890012555482308, 0.019890012555482308, 0.019890012555482308, 0.019890012555482308, 0.019890012555482308, 0.019890012555482308, 0.019890012555482308, 0.019890012555482308, 0.019890012555482308, 0.019890012555482308, 0.019890012555482308, 0.019890012555482308, 0.019890012555482308, 0.019890012555482308, 0.019890012555482308, 0.019890012555482308, 0.019890012555482308, 0.019890012555482308, 0.019890012555482308, 0.019890012555482308, 0.019890012555482308, 0.019890012555482308, 0.019890012555482308], "tree_size": [15.0, 7.0, 15.0, 1.0, 31.0, 7.0, 15.0, 15.0, 15.0, 31.0, 15.0, 15.0, 79.0, 7.0, 7.0, 3.0, 47.0, 91.0, 7.0, 83.0, 31.0, 43.0, 7.0, 31.0, 15.0, 19.0, 39.0, 3.0, 3.0, 7.0, 15.0, 3.0, 15.0, 7.0, 7.0, 15.0, 23.0, 47.0, 67.0, 3.0, 31.0, 43.0, 7.0, 87.0, 31.0, 111.0, 71.0, 3.0, 7.0, 61.0, 15.0, 63.0, 79.0, 59.0, 43.0, 71.0, 87.0, 11.0, 87.0, 111.0, 19.0, 3.0, 15.0, 39.0, 7.0, 127.0, 131.0, 15.0, 31.0, 15.0, 7.0, 31.0, 9.0, 31.0, 31.0, 31.0, 11.0, 7.0, 23.0, 15.0, 3.0, 7.0, 15.0, 79.0, 15.0, 95.0, 63.0, 7.0, 11.0, 79.0, 3.0, 95.0, 3.0, 15.0, 79.0, 7.0, 15.0, 47.0, 15.0, 23.0],