{"draw_idx": 100, "draws": null, "_stats": [{"depth": [5, 4, 2, 6, 3, 6, 7, 7, 3, 3, 6, 7, 2, 7, 6, 5, 6, 6, 6, 6, 7, 5, 3, 7, 3, 4, 2, 3, 5, 4, 5, 2, 4, 4, 6, 7, 6, 4, 5, 2, 2, 7, 7, 4, 3, 4, 3, 6, 6, 4, 2, 3, 6, 5, 2, 6, 6, 2, 6, 6, 7, 2, 6, 4, 5, 3, 4, 6, 6, 7, 3, 3, 4, 6, 6, 7, 6, 7, 6, 3, 6, 5, 6, 6, 6, 6, 7, 2, 7, 6, 5, 7, 7, 7, 2, 5, 7, 2, 4, 2], "step_size": [0.0235975750423187, 0.0235975750423187, 0.0235975750423187, 0.0235975750423187, 0.0235975750423187, 0.0235975750423187, 0.0235975750423187, 0.0235975750423187, 0.0235975750423187, 0.0235975750423187, 0.0235975750423187, 0.0235975750423187, 0.0235975750423187, 0.0235975750423187, 0.0235975750423187, 0.0235975750423187, 0.0235975750423187, 0.0235975750423187, 0.0235975750423187, 0.0235975750423187, 0.0235975750423187, 0.0235975750423187, 0.0235975750423187, 0.0235975750423187, 0.0235975750423187, 0.0235975750423187, 0.0235975750423187, 0.0235975750423187, 0.0235975750423187, 0.0235975750423187, 0.0235975750423187, 0.0235975750423187, 0.0235975750423187, 0.0235975750423187, 0.0235975750423187, 0.0235975750423187, 0.0235975750423187, 0.0235975750423187, 0.0235975750423187, 0.0235975750423187, 0.0235975750423187, 0.0235975750423187, 0.0235975750423187, 0.0235975750423187, 0.0235975750423187, 0.0235975750423187, 0.0235975750423187, 0.0235975750423187, 0.0235975750423187, 0.0235975750423187, 0.0235975750423187, 0.0235975750423187, 0.0235975750423187, 0.0235975750423187, 0.0235975750423187, 0.0235975750423187, 0.0235975750423187, 0.0235975750423187, 0.0235975750423187, 0.0235975750423187, 0.0235975750423187, 0.0235975750423187, 0.0235975750423187, 0.0235975750423187, 0.0235975750423187, 0.0235975750423187, 0.0235975750423187, 0.0235975750423187, 0.0235975750423187, 0.0235975750423187, 0.0235975750423187, 0.0235975750423187, 0.0235975750423187, 0.0235975750423187, 0.0235975750423187, 0.0235975750423187, 0.0235975750423187, 0.0235975750423187, 0.0235975750423187, 0.0235975750423187, 0.0235975750423187, 0.0235975750423187, 0.0235975750423187, 0.0235975750423187, 0.0235975750423187, 0.0235975750423187, 0.0235975750423187, 0.0235975750423187, 0.0235975750423187, 0.0235975750423187, 0.0235975750423187, 0.0235975750423187, 0.0235975750423187, 0.0235975750423187, 0.0235975750423187, 0.0235975750423187, 0.0235975750423187, 0.0235975750423187, 0.0235975750423187, 0.0235975750423187], "tune": [true, false, false, false, false, false, false, false, false, false, false, false, false, false, false, false, false, false, false, false, false, false, false, false, false, false, false, false, false, false, false, false, false, false, false, false, false, false, false, false, false, false, false, false, false, false, false, false, false, false, false, false, false, false, false, false, false, false, false, false, false, false, false, false, false, false, false, false, false, false, false, false, false, false, false, false, false, false, false, false, false, false, false, false, false, false, false, false, false, false, false, false, false, false, false, false, false, false, false, false], "mean_tree_accept": [1.0, 0.9842996043945942, 0.9694090008091156, 0.9983755036343854, 0.6363381999261465, 0.9948879915089309, 0.9967730947326717, 0.9999969995300825, 0.776766113622202, 0.9245265833385872, 0.9956942013805989, 0.9724627587509068, 0.8374575621598984, 0.9925314574993721, 0.9969834964590395, 0.9602769002165077, 0.9995906659654019, 0.9999337990487436, 0.926447527357673, 0.9889788144218664, 1.0, 0.9788773435095836, 1.0, 0.999971821145815, 0.9579617560846122, 0.9652210599157238, 0.942139758430176, 0.8976227770144334, 0.9720930014794876, 0.9523736664615622, 0.9959980148343193, 0.949304996848025, 0.9921398626114161, 0.9934949084944951, 0.9950221847292161, 0.9912330423096747, 0.9621463687073287, 0.9935054341475752, 0.9908963291581334, 0.9192525252125944, 0.8456746832784047, 0.9397893389610922, 0.9504076208677186, 0.9980116890981734, 0.998677801104835, 0.9848276343870546, 0.9998840132661325, 0.9926655893199442, 0.9443291257811025, 0.9971500534724583, 0.8571905556331071, 1.0, 0.9739775502025275, 0.9999591693808182, 0.7753961273601991, 0.9955700348974267, 0.8519832503309903, 1.0, 0.9944053523908438, 0.9983610017408108, 0.9868202868384233, 0.9765974904950334, 0.9772149471708252, 1.0, 0.9532186971422617, 0.9064899418306638, 0.9998514307744113, 0.9997324999514983, 0.9068236440362697, 0.9850719801259885, 0.9994143979426838, 0.9993420211324848, 0.9934735304230934, 0.9684456125710552, 0.9314714823844165, 0.998161867851305, 0.9732975149369761, 0.9875567129524788, 0.9653457480986579, 1.0, 1.0, 0.9663694844819616, 0.8950895032942446, 0.9766397314721434, 0.9742717215777098, 0.9635606651591307, 0.9671662524314942, 0.8452006535807494, 0.9954976019418347, 0.9857950637259165, 0.95848426898957, 0.997557567967048, 0.8462161673327151, 0.9871844760229325, 0.9830563228693848, 0.9711986410649578, 0.938025323067897, 0.8640540591171657, 0.9997242287442428, 0.942501421294935], "step_size_bar": [0.018628592428232175, 0.018628592428232175, 0.018628592428232175, 0.018628592428232175, 0.018628592428232175, 0.018628592428232175, 0.018628592428232175, 0.018628592428232175, 0.018628592428232175, 0.018628592428232175, 0.018628592428232175, 0.018628592428232175, 0.018628592428232175, 0.018628592428232175, 0.018628592428232175, 0.018628592428232175, 0.018628592428232175, 0.018628592428232175, 0.018628592428232175, 0.018628592428232175, 0.018628592428232175, 0.018628592428232175, 0.018628592428232175, 0.018628592428232175, 0.018628592428232175, 0.018628592428232175, 0.018628592428232175, 0.018628592428232175, 0.018628592428232175, 0.018628592428232175, 0.018628592428232175, 0.018628592428232175, 0.018628592428232175, 0.018628592428232175, 0.018628592428232175, 0.018628592428232175, 0.018628592428232175, 0.018628592428232175, 0.018628592428232175, 0.018628592428232175, 0.018628592428232175, 0.018628592428232175, 0.018628592428232175, 0.018628592428232175, 0.018628592428232175, 0.018628592428232175, 0.018628592428232175, 0.018628592428232175, 0.018628592428232175, 0.018628592428232175, 0.018628592428232175, 0.018628592428232175, 0.018628592428232175, 0.018628592428232175, 0.018628592428232175, 0.018628592428232175, 0.018628592428232175, 0.018628592428232175, 0.018628592428232175, 0.018628592428232175, 0.018628592428232175, 0.018628592428232175, 0.018628592428232175, 0.018628592428232175, 0.018628592428232175, 0.018628592428232175, 0.018628592428232175, 0.018628592428232175, 0.018628592428232175, 0.018628592428232175, 0.018628592428232175, 0.018628592428232175, 0.018628592428232175, 0.018628592428232175, 0.018628592428232175, 0.018628592428232175, 0.018628592428232175, 0.018628592428232175, 0.018628592428232175, 0.018628592428232175, 0.018628592428232175, 0.018628592428232175, 0.018628592428232175, 0.018628592428232175, 0.018628592428232175, 0.018628592428232175, 0.018628592428232175, 0.018628592428232175, 0.018628592428232175, 0.018628592428232175, 0.018628592428232175, 0.018628592428232175, 0.018628592428232175, 0.018628592428232175, 0.018628592428232175, 0.018628592428232175, 0.018628592428232175, 0.018628592428232175, 0.018628592428232175, 0.018628592428232175], "tree_size": [23.0, 11.0, 3.0, 55.0, 7.0, 47.0, 71.0, 107.0, 7.0, 7.0, 47.0, 95.0, 3.0, 83.0, 63.0, 23.0, 63.0, 43.0, 63.0, 35.0, 83.0, 31.0, 7.0, 71.0, 7.0, 15.0, 3.0, 7.0, 23.0, 11.0, 31.0, 3.0, 11.0, 15.0, 63.0, 89.0, 43.0, 15.0, 31.0, 3.0, 3.0, 71.0, 95.0, 15.0, 7.0, 15.0, 7.0, 63.0, 51.0, 11.0, 3.0, 7.0, 43.0, 31.0, 3.0, 47.0, 49.0, 3.0, 47.0, 63.0, 67.0, 3.0, 53.0, 15.0, 27.0, 7.0, 15.0, 43.0, 35.0, 87.0, 7.0, 7.0, 11.0, 55.0, 63.0, 85.0, 47.0, 127.0, 63.0, 7.0, 39.0, 29.0, 47.0, 63.0, 47.0, 55.0, 91.0, 3.0, 123.0, 55.0, 31.0, 103.0, 91.0, 75.0, 3.0, 31.0, 79.0, 3.0, 15.0, 3.0],