{"draw_idx": 100, "draws": null, "_stats": [{"depth": [6, 4, 7, 3, 5, 7, 3, 3, 4, 2, 3, 1, 7, 7, 2, 5, 4, 3, 4, 4, 3, 6, 6, 6, 5, 7, 4, 4, 4, 3, 6, 4, 4, 6, 3, 3, 7, 7, 7, 7, 4, 4, 6, 4, 6, 6, 3, 4, 8, 4, 4, 4, 4, 5, 2, 1, 2, 5, 7, 5, 4, 7, 2, 7, 2, 2, 5, 6, 5, 6, 5, 7, 7, 6, 3, 7, 6, 5, 4, 4, 6, 6, 6, 5, 7, 6, 7, 3, 5, 7, 2, 7, 4, 4, 2, 5, 6, 3, 3, 6], "step_size": [0.009620802474708461, 0.009620802474708461, 0.009620802474708461, 0.009620802474708461, 0.009620802474708461, 0.009620802474708461, 0.009620802474708461, 0.009620802474708461, 0.009620802474708461, 0.009620802474708461, 0.009620802474708461, 0.009620802474708461, 0.009620802474708461, 0.009620802474708461, 0.009620802474708461, 0.009620802474708461, 0.009620802474708461, 0.009620802474708461, 0.009620802474708461, 0.009620802474708461, 0.009620802474708461, 0.009620802474708461, 0.009620802474708461, 0.009620802474708461, 0.009620802474708461, 0.009620802474708461, 0.009620802474708461, 0.009620802474708461, 0.009620802474708461, 0.009620802474708461, 0.009620802474708461, 0.009620802474708461, 0.009620802474708461, 0.009620802474708461, 0.009620802474708461, 0.009620802474708461, 0.009620802474708461, 0.009620802474708461, 0.009620802474708461, 0.009620802474708461, 0.009620802474708461, 0.009620802474708461, 0.009620802474708461, 0.009620802474708461, 0.009620802474708461, 0.009620802474708461, 0.009620802474708461, 0.009620802474708461, 0.009620802474708461, 0.009620802474708461, 0.009620802474708461, 0.009620802474708461, 0.009620802474708461, 0.009620802474708461, 0.009620802474708461, 0.009620802474708461, 0.009620802474708461, 0.009620802474708461, 0.009620802474708461, 0.009620802474708461, 0.009620802474708461, 0.009620802474708461, 0.009620802474708461, 0.009620802474708461, 0.009620802474708461, 0.009620802474708461, 0.009620802474708461, 0.009620802474708461, 0.009620802474708461, 0.009620802474708461, 0.009620802474708461, 0.009620802474708461, 0.009620802474708461, 0.009620802474708461, 0.009620802474708461, 0.009620802474708461, 0.009620802474708461, 0.009620802474708461, 0.009620802474708461, 0.009620802474708461, 0.009620802474708461, 0.009620802474708461, 0.009620802474708461, 0.009620802474708461, 0.009620802474708461, 0.009620802474708461, 0.009620802474708461, 0.009620802474708461, 0.009620802474708461, 0.009620802474708461, 0.009620802474708461, 0.009620802474708461, 0.009620802474708461, 0.009620802474708461, 0.009620802474708461, 0.009620802474708461, 0.009620802474708461, 0.009620802474708461, 0.009620802474708461, 0.009620802474708461], "tune": [true, false, false, false, false, false, false, false, false, false, false, false, false, false, false, false, false, false, false, false, false, false, false, false, false, false, false, false, false, false, false, false, false, false, false, false, false, false, false, false, false, false, false, false, false, false, false, false, false, false, false, false, false, false, false, false, false, false, false, false, false, false, false, false, false, false, false, false, false, false, false, false, false, false, false, false, false, false, false, false, false, false, false, false, false, false, false, false, false, false, false, false, false, false, false, false, false, false, false, false], "mean_tree_accept": [0.9999426537827604, 0.9982010892080609, 0.9840952726078414, 0.9937897114787658, 0.918369104789282, 0.9448775536075641, 0.9007059886645236, 1.0, 0.9854918705587831, 0.6826017250583946, 1.0, 1.0, 0.9400582598047704, 0.9923680853576039, 0.9466948933935185, 0.9839215771641577, 0.8009597389115886, 1.0, 0.9187346591740357, 0.9685310815210438, 0.9880249331520029, 0.965951312631486, 0.9955747001881081, 0.9968677489599961, 0.994764846077832, 0.9470130650519152, 0.9985777384505222, 0.9345359053643314, 0.9872262600275725, 0.9774221780771362, 0.9713005787687436, 0.9941752475978464, 0.9782928084803133, 0.9821702228965823, 0.9980822121278126, 0.9779634815464141, 0.9957989438869196, 0.9710127807450312, 0.9999823334058809, 0.9767109522588672, 0.909062380288029, 0.9687994530988819, 1.0, 0.9980711525586715, 0.98853354175358, 0.9811102322665086, 0.9884741208483491, 0.9963892156555461, 0.996489401387576, 0.9396106730044006, 1.0, 0.986450322019487, 0.9937346521839889, 0.9769405017082898, 0.5485060594419869, 1.0, 1.0, 0.9666717442645464, 0.9972807100846344, 0.9817596625290337, 0.9543866700990971, 0.9895794736017965, 1.0, 0.9960205471627759, 0.9586663557616634, 0.7697567745693575, 0.9353172810137048, 0.9992545343984767, 0.9960328610631233, 0.9726329997969355, 0.9719311747719451, 0.9993902566089562, 0.9947861147414442, 0.9942901657537988, 0.9908412460026348, 0.99730461624269, 0.999451795269174, 0.9993497317462342, 0.8763642660310463, 1.0, 0.9942016770044239, 0.9997372297147965, 0.9988725005427643, 0.9696041416546526, 0.9995482982256589, 0.9924376295671689, 0.8882155190561628, 0.7759553187639442, 0.9790918562154889, 0.9996993799812598, 0.9437779783787428, 0.9914189808486894, 0.9994294337496802, 0.9567735318498867, 1.0, 0.8348153837287957, 0.9996028854398417, 0.9117783649879893, 0.9980331259251898, 0.9980909434850219], "step_size_bar": [0.016106665480483756, 0.016106665480483756, 0.016106665480483756, 0.016106665480483756, 0.016106665480483756, 0.016106665480483756, 0.016106665480483756, 0.016106665480483756, 0.016106665480483756, 0.016106665480483756, 0.016106665480483756, 0.016106665480483756, 0.016106665480483756, 0.016106665480483756, 0.016106665480483756, 0.016106665480483756, 0.016106665480483756, 0.016106665480483756, 0.016106665480483756, 0.016106665480483756, 0.016106665480483756, 0.016106665480483756, 0.016106665480483756, 0.016106665480483756, 0.016106665480483756, 0.016106665480483756, 0.016106665480483756, 0.016106665480483756, 0.016106665480483756, 0.016106665480483756, 0.016106665480483756, 0.016106665480483756, 0.016106665480483756, 0.016106665480483756, 0.016106665480483756, 0.016106665480483756, 0.016106665480483756, 0.016106665480483756, 0.016106665480483756, 0.016106665480483756, 0.016106665480483756, 0.016106665480483756, 0.016106665480483756, 0.016106665480483756, 0.016106665480483756, 0.016106665480483756, 0.016106665480483756, 0.016106665480483756, 0.016106665480483756, 0.016106665480483756, 0.016106665480483756, 0.016106665480483756, 0.016106665480483756, 0.016106665480483756, 0.016106665480483756, 0.016106665480483756, 0.016106665480483756, 0.016106665480483756, 0.016106665480483756, 0.016106665480483756, 0.016106665480483756, 0.016106665480483756, 0.016106665480483756, 0.016106665480483756, 0.016106665480483756, 0.016106665480483756, 0.016106665480483756, 0.016106665480483756, 0.016106665480483756, 0.016106665480483756, 0.016106665480483756, 0.016106665480483756, 0.016106665480483756, 0.016106665480483756, 0.016106665480483756, 0.016106665480483756, 0.016106665480483756, 0.016106665480483756, 0.016106665480483756, 0.016106665480483756, 0.016106665480483756, 0.016106665480483756, 0.016106665480483756, 0.016106665480483756, 0.016106665480483756, 0.016106665480483756, 0.016106665480483756, 0.016106665480483756, 0.016106665480483756, 0.016106665480483756, 0.016106665480483756, 0.016106665480483756, 0.016106665480483756, 0.016106665480483756, 0.016106665480483756, 0.016106665480483756, 0.016106665480483756, 0.016106665480483756, 0.016106665480483756, 0.016106665480483756], "tree_size": [63.0, 15.0, 75.0, 7.0, 27.0, 75.0, 7.0, 7.0, 15.0, 3.0, 7.0, 1.0, 91.0, 67.0, 3.0, 31.0, 15.0, 7.0, 15.0, 15.0, 7.0, 63.0, 55.0, 63.0, 31.0, 75.0, 11.0, 15.0, 11.0, 7.0, 51.0, 11.0, 15.0, 47.0, 7.0, 7.0, 79.0, 111.0, 115.0, 67.0, 15.0, 15.0, 55.0, 15.0, 63.0, 55.0, 7.0, 15.0, 143.0, 11.0, 15.0, 15.0, 15.0, 31.0, 3.0, 1.0, 3.0, 31.0, 79.0, 27.0, 11.0, 79.0, 3.0, 87.0, 3.0, 3.0, 27.0, 51.0, 31.0, 51.0, 19.0, 79.0, 103.0, 63.0, 7.0, 111.0, 39.0, 19.0, 15.0, 15.0, 59.0, 59.0, 47.0, 19.0, 75.0, 63.0, 87.0, 7.0, 31.0, 67.0, 3.0, 103.0, 15.0, 9.0, 3.0, 23.0, 63.0, 7.0, 7.0, 47.0],